INSERT INTO event_risks (risk_id, risk_level) VALUES
                                                  (1, '주의'),
                                                  (2, '경고'),
                                                  (3, '위험'),
                                                  (4, '안전');

INSERT INTO event_codes (code_id, code_name, risk_id) VALUES
                                                          (1, '안전조끼', 1),
                                                          (2, '위험구역 침입', 2),
                                                          (3, '배회', 3),
                                                          (4, '화재', 1),
                                                          (5, '사람', 4);

INSERT INTO analyzer_info (analyzer_ip, analyzer_port, analyzer_name)
VALUES ('192.168.10.1', 8000, '기본 분석 서버');

INSERT INTO camera_info (
    camera_ip, camera_port, lat, lon, location_name, location_address,
    location_address_detail, rtsp_id, rtsp_password, stream_path,
    camera_name, group_id, analyzer_id
) VALUES
      ('192.168.1.101', 554, 37.5661, 126.9781, '카메라1 위치', '서울특별시', '주소1 상세', 'user1', 'pw1', '/stream/1', 'Camera1', NULL, 1),
      ('192.168.1.102', 554, 37.5662, 126.9782, '카메라2 위치', '서울특별시', '주소2 상세', 'user2', 'pw2', '/stream/2', 'Camera2', NULL, 1),
      ('192.168.1.103', 554, 37.5663, 126.9783, '카메라3 위치', '서울특별시', '주소3 상세', 'user3', 'pw3', '/stream/3', 'Camera3', NULL, 1),
      ('192.168.1.104', 554, 37.5664, 126.9784, '카메라4 위치', '서울특별시', '주소4 상세', 'user4', 'pw4', '/stream/4', 'Camera4', NULL, 1),
      ('192.168.1.105', 554, 37.5665, 126.9785, '카메라5 위치', '서울특별시', '주소5 상세', 'user5', 'pw5', '/stream/5', 'Camera5', NULL, 1);

INSERT INTO event_info (event_uuid, camera_id, bounding_box, start_frame_at, end_frame_at, code_id) VALUES
                                                                                                        ( 'a9778202-6320-43c7-b4a4-404d03513921', 3, '{"x": 1876, "y": 586, "width": 95, "height": 248}', TIMESTAMP '2025-07-21 08:00:00', TIMESTAMP '2025-07-21 08:02:47', 3),
                                                                                                        ( '337af53c-1922-44bd-aa77-ad8277b697fc', 4, '{"x": 1735, "y": 377, "width": 119, "height": 212}', TIMESTAMP '2025-07-21 08:03:00', TIMESTAMP '2025-07-21 08:03:53', 4),
                                                                                                        ( '6d7fac0a-1123-48f3-b127-fdb656cbbe3a', 2, '{"x": 1351, "y": 354, "width": 255, "height": 114}', TIMESTAMP '2025-07-21 08:06:00', TIMESTAMP '2025-07-21 08:07:21', 1),
                                                                                                        ( '37c5c261-5e9a-4eb2-b4c0-074b6867f8b0', 2, '{"x": 597, "y": 812, "width": 241, "height": 273}', TIMESTAMP '2025-07-21 08:09:00', TIMESTAMP '2025-07-21 08:10:32', 1),
                                                                                                        ( '4399d49c-eefd-444c-9ddb-977a4e9d5adc', 4, '{"x": 1151, "y": 205, "width": 104, "height": 120}', TIMESTAMP '2025-07-21 08:12:00', TIMESTAMP '2025-07-21 08:14:30', 2),
                                                                                                        ( 'c0d11162-1209-4263-9d30-1d7b156e3d3e', 4, '{"x": 1821, "y": 401, "width": 102, "height": 212}', TIMESTAMP '2025-07-21 08:15:00', TIMESTAMP '2025-07-21 08:15:44', 1),
                                                                                                        ( 'd4298377-52d7-4097-942e-ce8062db0ae8', 4, '{"x": 1898, "y": 708, "width": 66, "height": 169}', TIMESTAMP '2025-07-21 08:18:00', TIMESTAMP '2025-07-21 08:20:04', 1),
                                                                                                        ( '08970a4f-052c-4818-8751-f887fdd62206', 1, '{"x": 731, "y": 760, "width": 98, "height": 145}', TIMESTAMP '2025-07-21 08:21:00', TIMESTAMP '2025-07-21 08:22:29', 4),
                                                                                                        ( '21325129-1859-4eea-9277-8d26aae57a4e', 2, '{"x": 896, "y": 500, "width": 76, "height": 157}', TIMESTAMP '2025-07-21 08:24:00', TIMESTAMP '2025-07-21 08:26:35', 4),
                                                                                                        ( '96ab857b-8c8b-4a20-8460-42a3cb094302', 2, '{"x": 1791, "y": 900, "width": 71, "height": 204}', TIMESTAMP '2025-07-21 08:27:00', TIMESTAMP '2025-07-21 08:27:44', 1),
                                                                                                        ( '385a1fe2-079f-40a6-8d16-ec0ca20f096f', 5, '{"x": 582, "y": 806, "width": 199, "height": 127}', TIMESTAMP '2025-07-21 08:30:00', TIMESTAMP '2025-07-21 08:32:58', 1),
                                                                                                        ( 'afa44bfa-eecd-404e-9d75-52fd97126892', 2, '{"x": 1096, "y": 558, "width": 187, "height": 137}', TIMESTAMP '2025-07-21 08:33:00', TIMESTAMP '2025-07-21 08:35:23', 2),
                                                                                                        ( '575a64ce-5c7f-405c-b3ad-669972029eae', 4, '{"x": 1010, "y": 355, "width": 133, "height": 268}', TIMESTAMP '2025-07-21 08:36:00', TIMESTAMP '2025-07-21 08:38:47', 4),
                                                                                                        ( 'dc1fce29-b599-4e5d-a577-8befdafde6f4', 2, '{"x": 37, "y": 569, "width": 152, "height": 124}', TIMESTAMP '2025-07-21 08:39:00', TIMESTAMP '2025-07-21 08:41:23', 2),
                                                                                                        ( '5a22e544-8df0-45d7-b1f0-7c39610870a1', 1, '{"x": 194, "y": 335, "width": 147, "height": 261}', TIMESTAMP '2025-07-21 08:42:00', TIMESTAMP '2025-07-21 08:44:21', 2),
                                                                                                        ( 'e390d934-5f02-4e02-b4f3-2f926da87f9c', 3, '{"x": 525, "y": 675, "width": 88, "height": 199}', TIMESTAMP '2025-07-21 08:45:00', TIMESTAMP '2025-07-21 08:45:48', 4),
                                                                                                        ( '461738b1-6a42-4900-9d19-2a6cec8c42d1', 1, '{"x": 1779, "y": 154, "width": 172, "height": 215}', TIMESTAMP '2025-07-21 08:48:00', TIMESTAMP '2025-07-21 08:50:02', 3),
                                                                                                        ( '382ca870-483f-443f-a4b3-04417b066f2e', 3, '{"x": 1778, "y": 498, "width": 116, "height": 291}', TIMESTAMP '2025-07-21 08:51:00', TIMESTAMP '2025-07-21 08:53:32', 4),
                                                                                                        ( 'b57312ae-45d7-4b60-9e57-a8e47f7ac9ff', 4, '{"x": 481, "y": 762, "width": 113, "height": 178}', TIMESTAMP '2025-07-21 08:54:00', TIMESTAMP '2025-07-21 08:55:18', 3),
                                                                                                        ( '20396481-0d8e-434d-a4ea-4d9452f9bc8d', 3, '{"x": 231, "y": 772, "width": 198, "height": 246}', TIMESTAMP '2025-07-21 08:57:00', TIMESTAMP '2025-07-21 08:59:47', 1);


INSERT INTO video (summary, video_url, start_time, end_time, camera_id, thumbnail_url, event_id) VALUES
                                                                                            ('summary1', '/videos/video1.mp4', TIMESTAMP '2025-07-21 09:05:00', TIMESTAMP '2025-07-21 09:09:00', 4, '/thumbs/thumb1.jpg', NULL),
                                                                                            ('summary2', '/videos/video2.mp4', TIMESTAMP '2025-07-21 09:10:00', TIMESTAMP '2025-07-21 09:14:00', 1, '/thumbs/thumb2.jpg', NULL),
                                                                                            ('summary3', '/videos/video3.mp4', TIMESTAMP '2025-07-21 09:15:00', TIMESTAMP '2025-07-21 09:19:00', 2, '/thumbs/thumb3.jpg', NULL),
                                                                                            ('summary4', '/videos/video4.mp4', TIMESTAMP '2025-07-21 09:20:00', TIMESTAMP '2025-07-21 09:24:00', 2, '/thumbs/thumb4.jpg', NULL),
                                                                                            ('summary5', '/videos/video5.mp4', TIMESTAMP '2025-07-21 09:25:00', TIMESTAMP '2025-07-21 09:29:00', 5, '/thumbs/thumb5.jpg', NULL),
                                                                                            ('summary6', '/videos/video6.mp4', TIMESTAMP '2025-07-21 09:30:00', TIMESTAMP '2025-07-21 09:34:00', 4, '/thumbs/thumb6.jpg', NULL),
                                                                                            ('summary7', '/videos/video7.mp4', TIMESTAMP '2025-07-21 09:35:00', TIMESTAMP '2025-07-21 09:39:00', 2, '/thumbs/thumb7.jpg', NULL),
                                                                                            ('summary8', '/videos/video8.mp4', TIMESTAMP '2025-07-21 09:40:00', TIMESTAMP '2025-07-21 09:44:00', 3, '/thumbs/thumb8.jpg', NULL),
                                                                                            ('summary9', '/videos/video9.mp4', TIMESTAMP '2025-07-21 09:45:00', TIMESTAMP '2025-07-21 09:49:00', 5, '/thumbs/thumb9.jpg', NULL),
                                                                                            ('summary10', '/videos/video10.mp4', TIMESTAMP '2025-07-21 09:50:00', TIMESTAMP '2025-07-21 09:54:00', 2, '/thumbs/thumb10.jpg', NULL),
                                                                                            ('summary11', '/videos/video11.mp4', TIMESTAMP '2025-07-21 09:55:00', TIMESTAMP '2025-07-21 09:59:00', 1, '/thumbs/thumb11.jpg', NULL),
                                                                                            ('summary12', '/videos/video12.mp4', TIMESTAMP '2025-07-21 10:00:00', TIMESTAMP '2025-07-21 10:04:00', 1, '/thumbs/thumb12.jpg', NULL),
                                                                                            ('summary13', '/videos/video13.mp4', TIMESTAMP '2025-07-21 10:05:00', TIMESTAMP '2025-07-21 10:09:00', 1, '/thumbs/thumb13.jpg', NULL),
                                                                                            ('summary14', '/videos/video14.mp4', TIMESTAMP '2025-07-21 10:10:00', TIMESTAMP '2025-07-21 10:14:00', 4, '/thumbs/thumb14.jpg', NULL),
                                                                                            ('summary15', '/videos/video15.mp4', TIMESTAMP '2025-07-21 10:15:00', TIMESTAMP '2025-07-21 10:19:00', 4, '/thumbs/thumb15.jpg', NULL),
                                                                                            ('summary16', '/videos/video16.mp4', TIMESTAMP '2025-07-21 10:20:00', TIMESTAMP '2025-07-21 10:24:00', 4, '/thumbs/thumb16.jpg', NULL),
                                                                                            ('summary17', '/videos/video17.mp4', TIMESTAMP '2025-07-21 10:25:00', TIMESTAMP '2025-07-21 10:29:00', 5, '/thumbs/thumb17.jpg', NULL),
                                                                                            ('summary18', '/videos/video18.mp4', TIMESTAMP '2025-07-21 10:30:00', TIMESTAMP '2025-07-21 10:34:00', 5, '/thumbs/thumb18.jpg', NULL),
                                                                                            ('summary19', '/videos/video19.mp4', TIMESTAMP '2025-07-21 10:35:00', TIMESTAMP '2025-07-21 10:39:00', 5, '/thumbs/thumb19.jpg', NULL),
                                                                                            ('summary20', '/videos/video20.mp4', TIMESTAMP '2025-07-21 10:40:00', TIMESTAMP '2025-07-21 10:44:00', 2, '/thumbs/thumb20.jpg', NULL),
                                                                                            ('summary21', '/videos/video1.mp4', TIMESTAMP '2025-07-21 09:05:00', TIMESTAMP '2025-07-21 09:08:00', 2, '/thumbs/thumb1.jpg', 9),
                                                                                            ('summary22', '/videos/video2.mp4', TIMESTAMP '2025-07-21 09:10:00', TIMESTAMP '2025-07-21 09:14:00', 4, '/thumbs/thumb2.jpg', 5),
                                                                                            ('summary23', '/videos/video3.mp4', TIMESTAMP '2025-07-21 09:15:00', TIMESTAMP '2025-07-21 09:18:00', 2, '/thumbs/thumb3.jpg', 10),
                                                                                            ('summary24', '/videos/video4.mp4', TIMESTAMP '2025-07-21 09:20:00', TIMESTAMP '2025-07-21 09:26:00', 3, '/thumbs/thumb4.jpg', 1),
                                                                                            ('summary25', '/videos/video5.mp4', TIMESTAMP '2025-07-21 09:25:00', TIMESTAMP '2025-07-21 09:28:00', 1, '/thumbs/thumb5.jpg', 8),
                                                                                            ('summary26', '/videos/video6.mp4', TIMESTAMP '2025-07-21 09:30:00', TIMESTAMP '2025-07-21 09:33:00', 4, '/thumbs/thumb6.jpg', 7),
                                                                                            ('summary27', '/videos/video7.mp4', TIMESTAMP '2025-07-21 09:35:00', TIMESTAMP '2025-07-21 09:41:00', 2, '/thumbs/thumb7.jpg', 14),
                                                                                            ('summary28', '/videos/video8.mp4', TIMESTAMP '2025-07-21 09:40:00', TIMESTAMP '2025-07-21 09:45:00', 4, '/thumbs/thumb8.jpg', 6),
                                                                                            ('summary29', '/videos/video9.mp4', TIMESTAMP '2025-07-21 09:45:00', TIMESTAMP '2025-07-21 09:51:00', 3, '/thumbs/thumb9.jpg', 18),
                                                                                            ('summary30', '/videos/video10.mp4', TIMESTAMP '2025-07-21 09:50:00', TIMESTAMP '2025-07-21 09:54:00', 5, '/thumbs/thumb10.jpg', 11),
                                                                                            ('summary31', '/videos/video11.mp4', TIMESTAMP '2025-07-21 09:55:00', TIMESTAMP '2025-07-21 09:58:00', 4, '/thumbs/thumb11.jpg', 13),
                                                                                            ('summary32', '/videos/video12.mp4', TIMESTAMP '2025-07-21 10:00:00', TIMESTAMP '2025-07-21 10:03:00', 2, '/thumbs/thumb12.jpg', 12),
                                                                                            ('summary33', '/videos/video13.mp4', TIMESTAMP '2025-07-21 10:05:00', TIMESTAMP '2025-07-21 10:10:00', 1, '/thumbs/thumb13.jpg', 15),
                                                                                            ('summary34', '/videos/video14.mp4', TIMESTAMP '2025-07-21 10:10:00', TIMESTAMP '2025-07-21 10:13:00', 2, '/thumbs/thumb14.jpg', 4),
                                                                                            ('summary35', '/videos/video15.mp4', TIMESTAMP '2025-07-21 10:15:00', TIMESTAMP '2025-07-21 10:20:00', 3, '/thumbs/thumb15.jpg', 16),
                                                                                            ('summary36', '/videos/video16.mp4', TIMESTAMP '2025-07-21 10:20:00', TIMESTAMP '2025-07-21 10:24:00', 4, '/thumbs/thumb16.jpg', 2),
                                                                                            ('summary37', '/videos/video17.mp4', TIMESTAMP '2025-07-21 10:25:00', TIMESTAMP '2025-07-21 10:29:00', 2, '/thumbs/thumb17.jpg', 3),
                                                                                            ('summary38', '/videos/video18.mp4', TIMESTAMP '2025-07-21 10:30:00', TIMESTAMP '2025-07-21 10:34:00', 4, '/thumbs/thumb18.jpg', 19),
                                                                                            ('summary39', '/videos/video19.mp4', TIMESTAMP '2025-07-21 10:35:00', TIMESTAMP '2025-07-21 10:40:00', 1, '/thumbs/thumb19.jpg', 17),
                                                                                            ('summary40', '/videos/video20.mp4', TIMESTAMP '2025-07-21 10:40:00', TIMESTAMP '2025-07-21 10:44:00', 3, '/thumbs/thumb20.jpg', 20);

INSERT INTO detected_object (uuid, alias, crop_img_url, feature, code_id) VALUES
                                                                        ('uuid1', 'Object1', '/crops/object1.jpg', '노란색 헬멧을 쓴 남성', 5),
                                                                        ('uuid2', 'Object2', '/crops/object2.jpg', '형광 조끼를 입은 작업자', 5),
                                                                        ('uuid3', 'Object3', '/crops/object3.jpg', '검정색 가방을 든 여성', 5),
                                                                        ('uuid4', 'Object4', '/crops/object4.jpg', '하얀 모자를 쓴 노인', 5),
                                                                        ('uuid5', 'Object5', '/crops/object5.jpg', '파란 유니폼을 입은 남성', 5),
                                                                        ('uuid6', 'Object6', '/crops/object6.jpg', '손에 도구를 든 작업자', 5),
                                                                        ('uuid7', 'Object7', '/crops/object7.jpg', '빨간색 상의를 입은 사람', 5),
                                                                        ('uuid8', 'Object8', '/crops/object8.jpg', '작업 구역 안에 서 있는 사람', 5),
                                                                        ('uuid9', 'Object9', '/crops/object9.jpg', '사다리를 들고 이동 중인 남성', 5),
                                                                        ('uuid10', 'Object10', '/crops/object10.jpg', '안전모를 착용하지 않은 남성', 5),
                                                                        ('uuid11', 'Object11', '/crops/object11.jpg', '앉아 있는 여성', 5),
                                                                        ('uuid12', 'Object12', '/crops/object12.jpg', '서류를 들고 걷는 직원', 5),
                                                                        ('uuid13', 'Object13', '/crops/object13.jpg', '주황색 조끼 착용자', 5),
                                                                        ('uuid14', 'Object14', '/crops/object14.jpg', '흰색 장갑을 낀 남성', 5),
                                                                        ('uuid15', 'Object15', '/crops/object15.jpg', '안경을 쓴 중년 남성', 5),
                                                                        ('uuid16', 'Object16', '/crops/object16.jpg', '휴대폰을 사용하는 사람', 5),
                                                                        ('uuid17', 'Object17', '/crops/object17.jpg', '노란 상의와 청바지를 입은 여성', 5),
                                                                        ('uuid18', 'Object18', '/crops/object18.jpg', '보호구 없이 접근한 인물', 5),
                                                                        ('uuid19', 'Object19', '/crops/object19.jpg', '모자와 마스크 착용자', 5),
                                                                        ('uuid20', 'Object20', '/crops/object20.jpg', '위험 구역 밖에서 대기 중인 직원', 5);

INSERT INTO detection (detected_object_id, appeared_time, exit_time, video_id) VALUES
                                                                                   (8, TIMESTAMP '2025-07-21 09:25:37', TIMESTAMP '2025-07-21 09:26:44', 6),
                                                                                   (1, TIMESTAMP '2025-07-21 09:40:33', TIMESTAMP '2025-07-21 09:41:59', 9),
                                                                                   (7, TIMESTAMP '2025-07-21 09:35:51', TIMESTAMP '2025-07-21 09:36:44', 8),
                                                                                   (20, TIMESTAMP '2025-07-21 09:05:36', TIMESTAMP '2025-07-21 09:06:43', 2),
                                                                                   (18, TIMESTAMP '2025-07-21 10:10:50', TIMESTAMP '2025-07-21 10:11:36', 15),
                                                                                   (17, TIMESTAMP '2025-07-21 10:10:33', TIMESTAMP '2025-07-21 10:11:12', 15),
                                                                                   (9, TIMESTAMP '2025-07-21 09:20:26', TIMESTAMP '2025-07-21 09:21:21', 5),
                                                                                   (16, TIMESTAMP '2025-07-21 10:30:29', TIMESTAMP '2025-07-21 10:30:40', 19),
                                                                                   (15, TIMESTAMP '2025-07-21 09:45:32', TIMESTAMP '2025-07-21 09:46:14', 10),
                                                                                   (19, TIMESTAMP '2025-07-21 10:05:30', TIMESTAMP '2025-07-21 10:06:07', 14),
                                                                                   (3, TIMESTAMP '2025-07-21 10:00:49', TIMESTAMP '2025-07-21 10:01:29', 13),
                                                                                   (16, TIMESTAMP '2025-07-21 09:50:59', TIMESTAMP '2025-07-21 09:51:35', 11),
                                                                                   (19, TIMESTAMP '2025-07-21 09:30:44', TIMESTAMP '2025-07-21 09:31:40', 7),
                                                                                   (1, TIMESTAMP '2025-07-21 10:05:27', TIMESTAMP '2025-07-21 10:06:40', 14),
                                                                                   (3, TIMESTAMP '2025-07-21 09:05:28', TIMESTAMP '2025-07-21 09:06:35', 2),
                                                                                   (2, TIMESTAMP '2025-07-21 10:05:30', TIMESTAMP '2025-07-21 10:06:20', 14),
                                                                                   (16, TIMESTAMP '2025-07-21 10:15:37', TIMESTAMP '2025-07-21 10:16:25', 16),
                                                                                   (6, TIMESTAMP '2025-07-21 09:01:00', TIMESTAMP '2025-07-21 09:01:27', 1),
                                                                                   (9, TIMESTAMP '2025-07-21 10:20:46', TIMESTAMP '2025-07-21 10:22:15', 17),
                                                                                   (16, TIMESTAMP '2025-07-21 09:30:56', TIMESTAMP '2025-07-21 09:31:53', 7),
                                                                                   (10, TIMESTAMP '2025-07-21 09:15:37', TIMESTAMP '2025-07-21 09:16:05', 4),
                                                                                   (17, TIMESTAMP '2025-07-21 09:55:59', TIMESTAMP '2025-07-21 09:56:28', 12),
                                                                                   (17, TIMESTAMP '2025-07-21 09:05:55', TIMESTAMP '2025-07-21 09:06:49', 2),
                                                                                   (11, TIMESTAMP '2025-07-21 09:55:24', TIMESTAMP '2025-07-21 09:56:04', 12),
                                                                                   (14, TIMESTAMP '2025-07-21 09:00:34', TIMESTAMP '2025-07-21 09:00:50', 1),
                                                                                   (13, TIMESTAMP '2025-07-21 10:25:21', TIMESTAMP '2025-07-21 10:26:50', 18),
                                                                                   (8, TIMESTAMP '2025-07-21 10:15:29', TIMESTAMP '2025-07-21 10:16:18', 16),
                                                                                   (7, TIMESTAMP '2025-07-21 09:55:37', TIMESTAMP '2025-07-21 09:56:59', 12),
                                                                                   (9, TIMESTAMP '2025-07-21 10:30:55', TIMESTAMP '2025-07-21 10:31:56', 19),
                                                                                   (9, TIMESTAMP '2025-07-21 10:35:43', TIMESTAMP '2025-07-21 10:36:00', 20),
                                                                                   (12, TIMESTAMP '2025-07-21 09:45:56', TIMESTAMP '2025-07-21 09:47:02', 10),
                                                                                   (17, TIMESTAMP '2025-07-21 10:20:27', TIMESTAMP '2025-07-21 10:21:06', 17),
                                                                                   (6, TIMESTAMP '2025-07-21 09:30:35', TIMESTAMP '2025-07-21 09:31:31', 7),
                                                                                   (2, TIMESTAMP '2025-07-21 10:25:44', TIMESTAMP '2025-07-21 10:27:08', 18),
                                                                                   (12, TIMESTAMP '2025-07-21 09:30:56', TIMESTAMP '2025-07-21 09:31:18', 7),
                                                                                   (9, TIMESTAMP '2025-07-21 09:20:26', TIMESTAMP '2025-07-21 09:21:25', 5),
                                                                                   (13, TIMESTAMP '2025-07-21 10:00:52', TIMESTAMP '2025-07-21 10:01:02', 13),
                                                                                   (4, TIMESTAMP '2025-07-21 09:10:43', TIMESTAMP '2025-07-21 09:11:25', 3),
                                                                                   (15, TIMESTAMP '2025-07-21 10:20:27', TIMESTAMP '2025-07-21 10:21:51', 17),
                                                                                   (14, TIMESTAMP '2025-07-21 09:30:33', TIMESTAMP '2025-07-21 09:31:08', 7),
                                                                                   (9, TIMESTAMP '2025-07-21 10:26:00', TIMESTAMP '2025-07-21 10:26:54', 18),
                                                                                   (5, TIMESTAMP '2025-07-21 10:35:42', TIMESTAMP '2025-07-21 10:36:05', 20),
                                                                                   (11, TIMESTAMP '2025-07-21 09:05:38', TIMESTAMP '2025-07-21 09:06:33', 2),
                                                                                   (18, TIMESTAMP '2025-07-21 10:10:45', TIMESTAMP '2025-07-21 10:11:25', 15),
                                                                                   (9, TIMESTAMP '2025-07-21 09:20:26', TIMESTAMP '2025-07-21 09:21:08', 5),
                                                                                   (8, TIMESTAMP '2025-07-21 09:55:24', TIMESTAMP '2025-07-21 09:56:26', 12),
                                                                                   (9, TIMESTAMP '2025-07-21 09:35:44', TIMESTAMP '2025-07-21 09:36:23', 8),
                                                                                   (6, TIMESTAMP '2025-07-21 09:10:56', TIMESTAMP '2025-07-21 09:11:18', 3),
                                                                                   (13, TIMESTAMP '2025-07-21 10:25:35', TIMESTAMP '2025-07-21 10:26:26', 18),
                                                                                   (14, TIMESTAMP '2025-07-21 09:30:23', TIMESTAMP '2025-07-21 09:31:03', 7),
                                                                                   (14, TIMESTAMP '2025-07-21 09:55:46', TIMESTAMP '2025-07-21 09:56:17', 12),
                                                                                   (18, TIMESTAMP '2025-07-21 09:15:28', TIMESTAMP '2025-07-21 09:16:57', 4),
                                                                                   (1, TIMESTAMP '2025-07-21 10:30:55', TIMESTAMP '2025-07-21 10:32:00', 19),
                                                                                   (18, TIMESTAMP '2025-07-21 09:00:32', TIMESTAMP '2025-07-21 09:01:06', 1),
                                                                                   (2, TIMESTAMP '2025-07-21 10:30:34', TIMESTAMP '2025-07-21 10:31:32', 19),
                                                                                   (14, TIMESTAMP '2025-07-21 09:15:53', TIMESTAMP '2025-07-21 09:17:11', 4),
                                                                                   (7, TIMESTAMP '2025-07-21 09:10:26', TIMESTAMP '2025-07-21 09:10:52', 3),
                                                                                   (8, TIMESTAMP '2025-07-21 10:25:35', TIMESTAMP '2025-07-21 10:26:43', 18),
                                                                                   (10, TIMESTAMP '2025-07-21 10:10:45', TIMESTAMP '2025-07-21 10:11:16', 15),
                                                                                   (10, TIMESTAMP '2025-07-21 09:15:42', TIMESTAMP '2025-07-21 09:16:48', 4),
                                                                                   (6, TIMESTAMP '2025-07-21 09:05:52', TIMESTAMP '2025-07-21 09:06:38', 2),
                                                                                   (1, TIMESTAMP '2025-07-21 09:00:22', TIMESTAMP '2025-07-21 09:00:51', 1),
                                                                                   (3, TIMESTAMP '2025-07-21 09:40:24', TIMESTAMP '2025-07-21 09:41:17', 9),
                                                                                   (3, TIMESTAMP '2025-07-21 09:30:58', TIMESTAMP '2025-07-21 09:31:53', 7),
                                                                                   (6, TIMESTAMP '2025-07-21 09:05:35', TIMESTAMP '2025-07-21 09:05:51', 2),
                                                                                   (7, TIMESTAMP '2025-07-21 09:25:52', TIMESTAMP '2025-07-21 09:26:25', 6),
                                                                                   (20, TIMESTAMP '2025-07-21 10:20:27', TIMESTAMP '2025-07-21 10:21:38', 17),
                                                                                   (17, TIMESTAMP '2025-07-21 09:00:37', TIMESTAMP '2025-07-21 09:00:50', 1),
                                                                                   (5, TIMESTAMP '2025-07-21 09:50:38', TIMESTAMP '2025-07-21 09:51:30', 11),
                                                                                   (1, TIMESTAMP '2025-07-21 10:20:54', TIMESTAMP '2025-07-21 10:21:38', 17),
                                                                                   (19, TIMESTAMP '2025-07-21 09:35:46', TIMESTAMP '2025-07-21 09:37:09', 8),
                                                                                   (15, TIMESTAMP '2025-07-21 09:55:37', TIMESTAMP '2025-07-21 09:56:56', 12),
                                                                                   (8, TIMESTAMP '2025-07-21 10:15:52', TIMESTAMP '2025-07-21 10:16:11', 16),
                                                                                   (3, TIMESTAMP '2025-07-21 09:21:00', TIMESTAMP '2025-07-21 09:21:45', 5),
                                                                                   (5, TIMESTAMP '2025-07-21 10:00:45', TIMESTAMP '2025-07-21 10:01:35', 13),
                                                                                   (12, TIMESTAMP '2025-07-21 10:30:20', TIMESTAMP '2025-07-21 10:30:54', 19),
                                                                                   (12, TIMESTAMP '2025-07-21 09:25:57', TIMESTAMP '2025-07-21 09:26:53', 6),
                                                                                   (18, TIMESTAMP '2025-07-21 09:10:28', TIMESTAMP '2025-07-21 09:11:07', 3),
                                                                                   (1, TIMESTAMP '2025-07-21 09:45:35', TIMESTAMP '2025-07-21 09:46:37', 10),
                                                                                   (6, TIMESTAMP '2025-07-21 10:25:52', TIMESTAMP '2025-07-21 10:26:12', 18),
                                                                                   (16, TIMESTAMP '2025-07-21 09:40:38', TIMESTAMP '2025-07-21 09:41:25', 9),
                                                                                   (10, TIMESTAMP '2025-07-21 10:20:50', TIMESTAMP '2025-07-21 10:21:27', 17),
                                                                                   (12, TIMESTAMP '2025-07-21 09:05:37', TIMESTAMP '2025-07-21 09:06:58', 2),
                                                                                   (13, TIMESTAMP '2025-07-21 09:45:39', TIMESTAMP '2025-07-21 09:46:11', 10),
                                                                                   (9, TIMESTAMP '2025-07-21 09:50:27', TIMESTAMP '2025-07-21 09:51:00', 11),
                                                                                   (13, TIMESTAMP '2025-07-21 09:30:38', TIMESTAMP '2025-07-21 09:31:20', 7),
                                                                                   (10, TIMESTAMP '2025-07-21 09:50:25', TIMESTAMP '2025-07-21 09:51:17', 11),
                                                                                   (11, TIMESTAMP '2025-07-21 09:10:37', TIMESTAMP '2025-07-21 09:11:37', 3),
                                                                                   (19, TIMESTAMP '2025-07-21 09:40:51', TIMESTAMP '2025-07-21 09:41:26', 9),
                                                                                   (16, TIMESTAMP '2025-07-21 10:30:54', TIMESTAMP '2025-07-21 10:32:15', 19),
                                                                                   (12, TIMESTAMP '2025-07-21 10:15:25', TIMESTAMP '2025-07-21 10:16:11', 16),
                                                                                   (2, TIMESTAMP '2025-07-21 10:25:48', TIMESTAMP '2025-07-21 10:27:09', 18),
                                                                                   (17, TIMESTAMP '2025-07-21 09:40:46', TIMESTAMP '2025-07-21 09:41:43', 9),
                                                                                   (3, TIMESTAMP '2025-07-21 09:00:20', TIMESTAMP '2025-07-21 09:00:49', 1),
                                                                                   (9, TIMESTAMP '2025-07-21 10:20:34', TIMESTAMP '2025-07-21 10:22:01', 17),
                                                                                   (12, TIMESTAMP '2025-07-21 10:30:48', TIMESTAMP '2025-07-21 10:31:22', 19),
                                                                                   (18, TIMESTAMP '2025-07-21 10:20:27', TIMESTAMP '2025-07-21 10:20:59', 17),
                                                                                   (7, TIMESTAMP '2025-07-21 09:20:46', TIMESTAMP '2025-07-21 09:21:11', 5),
                                                                                   (10, TIMESTAMP '2025-07-21 09:30:56', TIMESTAMP '2025-07-21 09:31:16', 7),
                                                                                   (9, TIMESTAMP '2025-07-21 10:25:39', TIMESTAMP '2025-07-21 10:26:16', 18);
